<step title="Incoming Request" date="2026-02-16T12:50:49.071" instance="bda878" url="/api/publish?type=jar" method="POST" type="request" pid="768,1,5" Accept="*/*" Host="shelfscanai-dev-hqdnaphzd7emfff8.scm.francecentral-01.azurewebsites.net" User-Agent="AZURECLI/2.83.0 (MSI)" Accept-Encoding="gzip, deflate" Authorization="Bas..." Cache-Control="no-cache" Content-Type="application/octet-stream" Cookie="ARRAffinity=bda878cffb7fdf6e967f5e7f2cc80f6a2d5af54229ce993d617d2fd35875954e; ARRAffinitySameSite=bda878cffb7fdf6e967f5e7f2cc80f6a2d5af54229ce993d617d2fd35875954e" Content-Length="75128745" x-ms-client-request-id="1aa4904d-0b36-11f1-892c-00a750414374" x-ms-artifact-checksum="5f7faa3ab90d2977875dcbf2b291fe2ce3ac9bd9970545c86e2e77714609b713" X-ARR-LOG-ID="1aa4904d-0b36-11f1-892c-00a750414374" CLIENT-IP="45.3.58.208:54138" X-SITE-DEPLOYMENT-ID="shelfscanai-dev" WAS-DEFAULT-HOSTNAME="shelfscanai-dev-hqdnaphzd7emfff8.scm.francecentral-01.azurewebsites.net" X-Forwarded-Proto="https" X-AppService-Proto="https" X-Forwarded-TlsVersion="1.3" X-WAWS-Unencoded-URL="/api/publish?type=jar" X-Client-IP="45.3.58.208" X-Client-Port="54138" >
  <step title="OneDeploy" date="2026-02-16T12:50:49.111" >
    <step title="None repository commit" date="2026-02-16T12:50:49.121" >
      <step title="Commit id: f60d220c-e81a-465e-b46a-3459524b1a21" date="2026-02-16T12:50:49.130" Message="N/A" AuthorName="N/A" AuthorEmail="N/A" /><!-- duration: 5ms -->
    </step><!-- duration: 19ms -->
    <step title="Starting PushDeployAsync" date="2026-02-16T12:50:49.153" /><!-- duration: 5ms -->
    <step title="Writing artifact to /tmp/zipdeploy/app.jar" date="2026-02-16T12:50:49.180" >
      <step title="Writing multipart request body to /tmp/zipdeploy/app.jar" date="2026-02-16T12:50:49.194" /><!-- duration: 13ms -->
    </step><!-- duration: 2502ms -->
    <step title="Attempting to fetch target branch HEAD" date="2026-02-16T12:50:51.703" /><!-- duration: 7ms -->
    <step title="Acquiring Deployment Lock" date="2026-02-16T12:50:51.717" /><!-- duration: 9ms -->
    <step title="Acquired Deployment Lock" date="2026-02-16T12:50:51.803" /><!-- duration: 5ms -->
    <step title="Performing fetch based deployment" date="2026-02-16T12:50:51.822" >
      <step title="Creating temporary deployment" date="2026-02-16T12:50:51.828" /><!-- duration: 97ms -->
      <step title="Releasing Deployment Lock" date="2026-02-16T12:50:53.235" /><!-- duration: 14ms -->
      <step title="Moving /tmp/zipdeploy/extracted to /tmp/zipdeploy/extracted/app.jar" date="2026-02-16T12:50:53.261" /><!-- duration: 11ms -->
      <step title="None repository commit" date="2026-02-16T12:50:53.284" >
        <step title="Commit id: f60d220c-e81a-465e-b46a-3459524b1a21" date="2026-02-16T12:50:53.289" Message="OneDeploy" AuthorName="N/A" AuthorEmail="N/A" /><!-- duration: 10ms -->
      </step><!-- duration: 22ms -->
      <step title="Deployment timer started" date="2026-02-16T12:50:55.312" >
        <step title="DeploymentManager.Deploy(id:f60d220c-e81a-465e-b46a-3459524b1a21)" date="2026-02-16T12:50:55.321" >
          <step title="Collecting changeset information" date="2026-02-16T12:50:55.344" /><!-- duration: 123ms -->
          <step title="Updating submodules" date="2026-02-16T12:50:55.477" /><!-- duration: 1197ms -->
          <step title="Determining deployment builder" date="2026-02-16T12:50:56.961" >
            <step title="Builder is OneDeployBuilder" date="2026-02-16T12:50:56.975" /><!-- duration: 10ms -->
          </step><!-- duration: 33ms -->
          <step title="PreDeployment: context.CleanOutputPath False" date="2026-02-16T12:50:57.086" >
            <step title="PreDeployment: context.OutputPath /home/site/wwwroot" date="2026-02-16T12:50:57.289" >
              <step title="Building" date="2026-02-16T12:50:57.538" >
                <step title="Executing external process" date="2026-02-16T12:50:58.293" type="process" path="starter.sh" arguments="/opt/Kudu/Scripts/parallel_rsync.sh /tmp/zipdeploy/extracted /home/site/wwwroot 8 /tmp/ False False  " /><!-- duration: 3144ms -->
                <step title="Modified file to trigger a restart of the app container." date="2026-02-16T12:51:02.118" /><!-- duration: 6ms -->
                <step title="Skip function trigger and logicapp sync because function is not enabled." date="2026-02-16T12:51:02.139" /><!-- duration: 8ms -->
              </step><!-- duration: 5555ms -->
            </step><!-- duration: 5817ms -->
            <step title="Cleaning up temp files" date="2026-02-16T12:51:03.113" /><!-- duration: 7ms -->
            <step title="Cleaning up temp files" date="2026-02-16T12:51:03.125" /><!-- duration: 524ms -->
            <step title="Reloading status file with latest updates" date="2026-02-16T12:51:03.695" >
              <step title="WebHooksManager.PublishEventAsync: PostDeployment" date="2026-02-16T12:51:03.703" /><!-- duration: 52ms -->
            </step><!-- duration: 66ms -->
            <step title="Cleaning up temporary deployment - fetch deployment was successful" date="2026-02-16T12:51:03.769" /><!-- duration: 5ms -->
          </step><!-- duration: 6803ms -->
        </step><!-- duration: 8577ms -->
        <step title="Outgoing response" date="2026-02-16T12:51:03.911" type="response" statusCode="200" statusText="OK" /><!-- duration: 6ms -->
      </step><!-- duration: 8618ms -->
